名前,ふりがな,アドレス,性別,年齢,誕生日,婚姻,血液型,都道府県,電話番号,携帯,キャリア
阿部 雅彦,あべ まさひこ,abe_masahiko@example.com,男,28,1990/12/30,既婚,O型,徳島県,024-476-5847,080-2367-5867,ソフトバンク
相原 さゆり,あいはら さゆり,aihara_sayuri@example.com,女,78,1941/3/25,既婚,A型,愛知県,037- 16-6617,080-9633-4426,au
宇野 あき,うの あき,uno_aki@example.com,女,46,1973/2/4,既婚,A型,宮崎県,051-799-3272,090-5532-5044,ドコモ
喜多 恵子,きた けいこ,kita_keiko@example.com,女,63,1956/4/18,既婚,A型,広島県,095-710-4119,080-1665-6783,ドコモ
桑田 健,くわた けん,kuwata_ken@example.com,男,34,1985/2/12,既婚,A型,愛媛県,028- 35-8651,080-2269-8474,au
関根 ヒカル,せきね ひかる,sekine_hikaru@example.com,女,43,1975/12/24,既婚,B型,埼玉県,072-146- 274,090-9984-1832,ソフトバンク
中野 直人,なかの なおと,nakano_naoto@example.com,男,28,1991/10/13,既婚,O型,東京都,079-614-9509,090-6022-8901,au
山内 景子,やまうち けいこ,yamauchi_keiko@example.com,女,71,1948/7/31,既婚,A型,東京都,056-806-4218,090-8066-5499,ソフトバンク
藤沢 昴,ふじさわ すばる,fujisawa_subaru@example.com,男,82,1937/1/23,既婚,O型,群馬県,047-329- 718,090- 209-8107,ドコモ
海音寺 ひろ子,かいおんじ ひろこ,kaionji_hiroko@example.com,女,35,1984/8/4,既婚,A型,神奈川県,016-841-8772,090-2059-2637,ツーカー
大井 文世,おおい ふみよ,ooi_fumiyo@example.com,女,62,1957/11/16,既婚,A型,福岡県,029-883-6880,090- 935-8350,au
松原 まさみ,まつばら まさみ,matsubara_masami@example.com,女,83,1936/3/16,既婚,B型,広島県,050-635-4317,090-8137-5089,ドコモ
伊藤 大,いとう まさる,itou_masaru@example.com,男,71,1948/8/21,既婚,A型,北海道,014-732-3367,090-2744- 641,au
宍戸 兼,ししど けん,shishido_ken@example.com,男,34,1985/2/18,既婚,B型,新潟県,070-882-5097,080-6793-3591,ソフトバンク
青山 恵梨香,あおやま えりか,aoyama_erika@example.com,女,32,1986/12/20,未婚,O型,岩手県,021-561-4914,080-9432-3090,ソフトバンク
増井 ヒカル,ますい ひかる,masui_hikaru@example.com,女,75,1944/1/14,既婚,AB型,千葉県,027-380-1291,080-9037-8923,ドコモ
上田 慶二,うえだ けいじ,ueda_keiji@example.com,男,40,1979/3/17,未婚,A型,兵庫県,0 3-813-1491,080-2571-3176,au
さだ 路子,さだ みちこ,sada_michiko@example.com,女,47,1972/7/14,既婚,O型,群馬県,081-590-3525,090-2971- 360,ドコモ
川野 大,かわの まさる,kawano_masaru@example.com,男,21,1998/6/7,未婚,B型,熊本県,082-659-4223,090-9853-3580,ドコモ
香椎 長利,かしい ながとし,kashii_nagatoshi@example.com,男,53,1966/3/22,既婚,A型,奈良県,098-180-4203,090-1973-4988,au
安達 コウ,あだち こう,adachi_kou@example.com,女,77,1942/2/8,既婚,O型,栃木県,081-926-6238,080- 503-3968,au
小市 さとみ,こいち さとみ,koichi_satomi@example.com,女,76,1943/5/14,既婚,B型,新潟県,051-423-1738,080-7428-2333,ドコモ
早坂 恵子,はやさか けいこ,hayasaka_keiko@example.com,女,64,1955/10/24,既婚,B型,大阪府,0 9-211-  63,080-2631-3834,ドコモ
河村 奈央,かわむら なお,kawamura_nao@example.com,女,49,1970/6/3,既婚,A型,兵庫県,088-222-1379,080-4922-9606,ドコモ
松澤 ヒカル,まつざわ ひかる,matsuzawa_hikaru@example.com,女,55,1964/2/17,既婚,O型,愛知県,064-820-5181,080-  70-3469,ドコモ
二宮 フミヤ,にのみや ふみや,ninomiya_fumiya@example.com,男,25,1994/7/22,未婚,O型,長野県,057-689-9095,080- 398-3371,ドコモ
吉川 竜也,きっかわ たつや,kikkawa_tatsuya@example.com,男,49,1970/3/10,未婚,AB型,大阪府,037-134-8112,090-5568- 815,ソフトバンク
川本 さとみ,かわもと さとみ,kawamoto_satomi@example.com,女,83,1936/7/25,既婚,B型,東京都,099-882-8909,080-1288-8817,ソフトバンク
小川 徹,おがわ とおる,ogawa_tooru@example.com,男,79,1940/4/13,既婚,AB型,福島県,078-414-2143,090- 475-8334,ソフトバンク
川瀬 あさみ,かわせ あさみ,kawase_asami@example.com,女,77,1942/7/14,既婚,O型,茨城県,076-576-8533,080-5962-4476,ドコモ
大江 愛菜,おおえ あいな,ooe_aina@example.com,女,53,1966/11/10,既婚,A型,愛知県,077-562-2481,080-8390-5205,ソフトバンク
土屋 まなみ,つちや まなみ,tsuchiya_manami@example.com,女,27,1992/8/4,未婚,B型,滋賀県,0 6-163-4788,090-2342-7332,ソフトバンク
緒形 はじめ,おがた はじめ,ogata_hajime@example.com,男,82,1937/3/28,既婚,A型,山梨県,071-835-6300,090- 543-9363,ドコモ
北野 めぐみ,きたの めぐみ,kitano_megumi@example.com,女,84,1935/1/5,既婚,A型,東京都,065-718- 603,080-7968-9412,ドコモ
五十嵐 佳乃,いがらし よしの,igarashi_yoshino@example.com,女,35,1984/6/3,既婚,A型,愛知県,053-883-2098,080- 261- 450,ソフトバンク
津川 浩介,つがわ こうすけ,tsugawa_kousuke@example.com,男,30,1989/9/28,既婚,AB型,佐賀県,010-413-3553,090- 770-9508,au
内山 鉄二,うちやま てつじ,uchiyama_tetsuji@example.com,男,62,1957/2/8,既婚,AB型,兵庫県,068-512-6915,080-6495- 667,ドコモ
中村 朝陽,なかむら あさひ,nakamura_asahi@example.com,女,64,1955/10/3,既婚,O型,福島県,042-130-5064,090-7861-2639,au
金沢 ケンイチ,かねざわ けんいち,kanezawa_kenichi@example.com,男,81,1938/3/3,既婚,A型,愛知県,076-793-9197,080-8476-4147,au
高村 隼士,たかむら しゅんじ,takamura_shunji@example.com,男,30,1989/11/17,未婚,B型,長崎県,010-601-9213,080-7236-9514,ソフトバンク
飯田 あさみ,いいだ あさみ,iida_asami@example.com,女,66,1953/3/28,既婚,A型,愛知県,066-950-4015,090-2020-9841,ソフトバンク
芳賀 理紗,はが りさ,haga_risa@example.com,女,46,1973/11/10,既婚,O型,島根県,040-463-7462,090-6579-1026,ドコモ
大和田 まさみ,おおわだ まさみ,oowada_masami@example.com,女,81,1938/4/16,既婚,B型,群馬県,049-857- 442,090-2838-2544,au
前原 栄一,まえはら えいいち,maehara_eiichi@example.com,男,80,1939/1/16,既婚,B型,宮城県,019-174-5746,090-2153-5841,ドコモ
鹿賀 裕司,かが ゆうじ,kaga_yuuji@example.com,男,25,1994/3/28,未婚,B型,宮城県,021- 63-7100,090-4134-3537,au
山野 美幸,やまの みゆき,yamano_miyuki@example.com,女,84,1935/2/10,既婚,O型,愛知県,0 9-587-4353,090-5696-8641,au
大原 ジョージ,おおはら じょーじ,oohara_george@example.com,男,74,1945/7/2,既婚,B型,東京都,032-462-9124,090-5280-3546,ドコモ
渡部 奈央,わたべ なお,watabe_nao@example.com,女,25,1994/11/19,既婚,A型,大阪府,061-861-6912,090-1098-8812,ドコモ
杉原 たまき,すぎはら たまき,sugihara_tamaki@example.com,女,80,1939/11/18,既婚,A型,東京都,037-239-9958,090-1031-5564,ドコモ
大久保 なぎさ,おおくぼ なぎさ,ookubo_nagisa@example.com,女,89,1930/10/10,既婚,O型,宮城県,067-512-2589,080-6813-3901,au
梅沢 一,うめざわ はじめ,umezawa_hajime@example.com,男,22,1997/3/28,未婚,O型,千葉県,0 7-684-4495,090- 577- 300,ドコモ
柴崎 まさみ,しばざき まさみ,shibazaki_masami@example.com,女,88,1931/2/7,既婚,B型,静岡県,034-979-1645,090-7178-4214,au
荻野 幸平,おぎの こうへい,ogino_kouhei@example.com,男,47,1972/1/31,既婚,B型,兵庫県,053-716-3888,080-3201-3835,ドコモ
川端 まさし,かわばた まさし,kawabata_masashi@example.com,男,50,1969/9/20,既婚,O型,福岡県,052-606-1752,090-5350-3383,ドコモ
大城 小雁,おおしろ こがん,ooshiro_kogan@example.com,男,28,1991/8/16,既婚,B型,福島県,058-687-9612,080-1919-9174,ソフトバンク
宮里 憲一,みやざと けんいち,miyazato_kenichi@example.com,男,23,1996/2/25,既婚,A型,広島県,0 8-912-9933,080-4716-5288,ドコモ
小野 隼士,おの しゅんじ,ono_shunji@example.com,男,84,1935/7/8,既婚,O型,千葉県,094-128-8882,080- 889-1175,ドコモ
窪田 由宇,くぼた ゆう,kubota_yuu@example.com,女,77,1942/2/28,既婚,A型,宮崎県,025- 89-7947,090-8519-9014,ソフトバンク
津田 功補,つだ こうすけ,tsuda_kousuke@example.com,男,77,1942/12/6,既婚,A型,長崎県,0 8-262-1487,090-5696-6736,au
阿久津 英嗣,あくつ ひでつぐ,akutsu_hidetsugu@example.com,男,27,1991/12/20,未婚,A型,静岡県,098-925-2636,080- 644-3036,ドコモ
堤 法子,つつみ のりこ,tsutsumi_noriko@example.com,女,74,1945/6/10,既婚,O型,愛知県,067- 46- 127,090-5087-3773,ドコモ
宮部 勤,みやべ つとむ,miyabe_tsutomu@example.com,男,33,1986/11/27,既婚,A型,京都府,044-479-5135,090-4458-9040,au
生田 ヒロ,なまた ひろ,namata_hiro@example.com,男,33,1986/11/24,既婚,O型,茨城県,082-170- 817,080-6787-7703,ドコモ
石丸 基祐,いしまる きすけ,ishimaru_kisuke@example.com,男,45,1974/5/8,既婚,O型,福井県,032-382-8805,080-7755-8184,ドコモ
古山 えみ,ふるやま えみ,furuyama_emi@example.com,女,20,1999/5/7,未婚,A型,岡山県,053-989-8709,090-5921- 119,au
高崎 友以乃,たかさき ゆいの,takasaki_yuino@example.com,女,55,1964/11/22,既婚,O型,神奈川県,067-202-2951,080-3267-6330,au
坂上 真一,さかがみ しんいち,sakagami_shinichi@example.com,男,72,1947/3/20,既婚,O型,福岡県,044- 24-3519,090-8480-3518,au
須藤 りえ,すどう りえ,sudou_rie@example.com,女,33,1985/12/20,既婚,A型,東京都,031-492-6384,090-4436-9607,ドコモ
小町 寿々花,こまち すずか,komachi_suzuka@example.com,女,85,1934/5/3,既婚,AB型,大阪府,013-242-1697,080-8180-5420,au
井上 光博,いのうえ みつひろ,inoue_mitsuhiro@example.com,男,61,1958/9/15,既婚,B型,埼玉県,035-238-7939,080-2718-5102,au
森山 里穂,もりやま りほ,moriyama_riho@example.com,女,88,1930/12/30,既婚,A型,徳島県,027-613-2532,080-7027-1483,ドコモ
木村 瞬,きむら しゅん,kimura_shun@example.com,女,61,1958/9/18,既婚,A型,北海道,059-835-7908,090- 651-4053,ドコモ
梶原 奈月,かじわら なつき,kajiwara_natsuki@example.com,女,69,1950/2/12,既婚,O型,岐阜県,060- 78-9306,080-4838-9098,au
浜崎 あおい,はまさき あおい,hamasaki_aoi@example.com,女,26,1993/1/8,既婚,O型,新潟県,057-630-6540,080-4387-3140,ドコモ
長崎 ヒカル,ながさき ひかる,nagasaki_hikaru@example.com,女,79,1940/11/12,既婚,A型,神奈川県,010-342-7221,090-7674- 550,ドコモ
飯塚 はるか,いいづか はるか,iiduka_haruka@example.com,女,43,1976/2/23,既婚,A型,大阪府,061-150-7302,080-8877-1478,au
杉下 麻由子,すぎした まゆこ,sugishita_mayuko@example.com,女,80,1939/1/15,既婚,AB型,北海道,075-922- 258,080-3500-1018,ソフトバンク
今田 進,いまだ すすむ,imada_susumu@example.com,男,32,1987/5/23,既婚,AB型,埼玉県,057-867- 616,080-6267-6891,ドコモ
杉下 文世,すぎした ふみよ,sugishita_fumiyo@example.com,女,68,1951/8/26,既婚,A型,石川県,014-761-5049,080-7444-8994,ドコモ
中塚 しぼり,なかづか しぼり,nakaduka_shibori@example.com,女,22,1997/2/17,未婚,AB型,三重県,0 3-  3-8131,090- 629-3117,ドコモ
堤 恵梨香,つつみ えりか,tsutsumi_erika@example.com,女,37,1982/5/11,既婚,O型,愛知県,077- 12- 532,080-9601- 159,ドコモ
小高 聡,こだか さとし,kodaka_satoshi@example.com,男,64,1955/1/3,既婚,O型,大阪府,049-823-  89,080-7994-1442,ドコモ
片岡 豊,かたおか ゆたか,kataoka_yutaka@example.com,男,32,1987/1/1,未婚,A型,大阪府,057- 76-8223,080-6313-4240,ソフトバンク
水谷 恵梨香,みずたに えりか,mizutani_erika@example.com,女,44,1975/5/3,既婚,B型,新潟県,070-362-7550,090-5460-4898,ソフトバンク
志田 サンタマリア,しだ さんたまりあ,shida_stmaria@example.com,女,36,1983/12/6,既婚,B型,千葉県,085-196-3550,090-2611-4689,ドコモ
黒岩 美佐,くろいわ みさ,kuroiwa_misa@example.com,女,34,1985/3/27,未婚,AB型,福島県,042-572-7365,080-5638-3209,ドコモ
草野 亮介,くさの りょうすけ,kusano_ryousuke@example.com,男,53,1966/9/25,既婚,O型,福岡県,0 1-955-8457,080-6791-7803,ソフトバンク
尾崎 正義,おざき まさよし,ozaki_masayoshi@example.com,男,63,1956/10/31,既婚,A型,栃木県,071-402-4550,090-6138-4299,au
中沢 勤,なかざわ つとむ,nakazawa_tsutomu@example.com,男,26,1993/4/27,未婚,O型,三重県,014-261-9769,080-5284-6605,ドコモ
黒川 貴美子,くろかわ きみこ,kurokawa_kimiko@example.com,女,28,1991/5/14,既婚,A型,大阪府,073-447-6969,090-6756-5982,ドコモ
安 三省,やす さんせい,yasu_sansei@example.com,男,38,1980/12/9,既婚,AB型,兵庫県,0 6-263-9139,090-7056-1327,au
小川 砂羽,おがわ さわ,ogawa_sawa@example.com,女,81,1938/10/20,既婚,O型,福岡県,078-853- 359,090-4824-1985,ドコモ
麻生 薫,あそう かおる,asou_kaoru@example.com,女,78,1941/6/20,既婚,A型,大阪府,051-384-2092,090- 715-6551,ドコモ
永山 勝久,ながやま かつひさ,nagayama_katsuhisa@example.com,男,43,1976/1/5,既婚,A型,大阪府,093-136-3415,090-8738-8708,ソフトバンク
長谷川 涼,はせがわ りょう,hasegawa_ryou@example.com,女,23,1996/8/29,既婚,AB型,大阪府,0 1-715-3627,090-2251-9420,ドコモ
石垣 早織,いしがき さおり,ishigaki_saori@example.com,女,33,1986/10/10,既婚,O型,栃木県,041-191-3691,090-3724-1362,au
江川 長利,えがわ ながとし,egawa_nagatoshi@example.com,男,65,1954/4/23,既婚,A型,奈良県,0 6-666-7240,090-1442-4195,ドコモ
大槻 惇,おおつき じゅん,ootsuki_jun@example.com,男,81,1938/11/11,既婚,O型,東京都,051- 37-5348,080-6224-7787,ドコモ
金城 まさみ,かなしろ まさみ,kanashiro_masami@example.com,女,30,1989/2/10,既婚,A型,愛知県,043-454-5279,080-5451-3859,ソフトバンク
相沢 早紀,あいざわ さき,aizawa_saki@example.com,女,50,1969/3/7,既婚,A型,鹿児島県,033-254-2890,090-5910-5714,au
多田 結衣,ただ ゆい,tada_yui@example.com,女,41,1978/4/29,未婚,O型,東京都,015-804-7171,080-9555-7990,au
大下 恵美,おおした めぐみ,ooshita_megumi@example.com,女,64,1955/4/21,既婚,AB型,熊本県,0 3- 34-3816,090-6956-6484,au
高野 洋介,たかの ようすけ,takano_yousuke@example.com,男,37,1982/3/18,既婚,A型,兵庫県,0 6-408-2823,090-5249-2723,au
矢田 仁,やだ じん,yada_jin@example.com,男,40,1979/9/26,既婚,A型,栃木県,064-518-1395,080-8218-8032,au
足立 瞬,あだち しゅん,adachi_shun@example.com,女,42,1977/5/12,未婚,A型,和歌山県,012-733-3948,080-6507-1646,ドコモ
岩城 俊二,いわき しゅんじ,iwaki_shunji@example.com,男,70,1949/8/22,既婚,A型,東京都,029- 44-3786,080-1285-7074,au
志田 あや子,しだ あやこ,shida_ayako@example.com,女,63,1956/3/4,既婚,A型,青森県,046-124-8790,090-2334-9263,au
富沢 法子,とみさわ のりこ,tomisawa_noriko@example.com,女,20,1999/8/25,未婚,A型,山形県,068-921-5924,090-6441-7755,ドコモ
海音寺 友以乃,かいおんじ ゆいの,kaionji_yuino@example.com,女,20,1999/9/4,未婚,O型,大分県,064-743-4490,090-7506-6631,ソフトバンク
釈 草太,しゃく そうた,shaku_souta@example.com,男,35,1984/10/14,未婚,AB型,大阪府,074-235-7470,090-3844-7218,au
小島 祐基,こじま ゆうき,kojima_yuuki@example.com,男,53,1966/4/18,既婚,O型,熊本県,031-694-8578,090-7473-4624,ドコモ
藤澤 明日,ふじさわ めいび,fujisawa_meibi@example.com,女,76,1943/9/29,既婚,A型,京都府,065-758-8523,090-1221-8871,au
永瀬 エリカ,ながせ えりか,nagase_erika@example.com,女,81,1937/12/17,既婚,A型,愛知県,051-372-2054,090-3653-4115,au
今村 知史,いまむら ともふみ,imamura_tomofumi@example.com,男,57,1962/11/23,既婚,A型,福岡県,078-511-4374,090-7740-4533,ドコモ
河西 愛,かわにし あい,kawanishi_ai@example.com,女,72,1947/1/2,既婚,AB型,岩手県,063-999-9270,080-7785-7521,ドコモ
深沢 綾女,ふかざわ あやめ,fukazawa_ayame@example.com,女,22,1997/8/24,既婚,A型,群馬県,092-677-2451,090-1307-8495,ドコモ
西尾 直人,にしお なおと,nishio_naoto@example.com,男,69,1950/6/4,既婚,O型,埼玉県,045-194- 846,090-7852-1654,ドコモ
星 莉沙,ほし りさ,hoshi_risa@example.com,女,38,1981/4/7,既婚,O型,愛知県,019-497- 170,090-1838-2949,ドコモ
酒井 涼,さかい りょう,sakai_ryou@example.com,女,24,1994/12/8,既婚,AB型,岩手県,088-873-6084,080-5191-3234,ドコモ
飯野 将也,いいの まさや,iino_masaya@example.com,男,32,1987/11/3,既婚,AB型,滋賀県,074- 90-7585,080-4081-4959,ドコモ
ト字 翔子,とじ しょうこ,toji_shouko@example.com,女,77,1942/11/24,既婚,O型,京都府,089-977- 894,080-9426- 256,ソフトバンク
樋口 正義,ひぐち まさよし,higuchi_masayoshi@example.com,男,55,1964/11/22,既婚,A型,群馬県,071-616-5494,090-1115- 906,ドコモ
石倉 夏空,いしくら そら,ishikura_sora@example.com,女,73,1946/7/28,既婚,O型,東京都,054- 45-7288,080-8735-5205,ドコモ
池内 奈央,いけうち なお,ikeuchi_nao@example.com,女,66,1952/12/16,既婚,A型,埼玉県,053-565-6692,090-4023-1412,ドコモ
小島 雅之,こじま まさゆき,kojima_masayuki@example.com,男,71,1948/5/28,既婚,O型,奈良県,082- 61-7505,090- 827-4260,ドコモ
久野 裕次郎,ひさの ゆうじろう,hisano_yuujirou@example.com,男,74,1945/4/9,既婚,B型,神奈川県,081-360-7610,080-3209-6287,ドコモ
中塚 かおり,なかづか かおり,nakaduka_kaori@example.com,女,75,1944/10/27,既婚,O型,大阪府,030-837-6891,090-2549- 182,au
児島 かおり,こじま かおり,kojima_kaori@example.com,女,24,1995/3/21,既婚,B型,福岡県,030-716-8940,080-  61-9216,ソフトバンク
鬼頭 瑠璃亜,きとう るりあ,kitou_ruria@example.com,女,67,1952/4/23,既婚,O型,島根県,030- 82-3713,080-5234-7485,au
土屋 美嘉,つちや みか,tsuchiya_mika@example.com,女,86,1933/3/19,既婚,A型,兵庫県,091-444-5829,080-1625-1767,au
飯田 努,いいだ つとむ,iida_tsutomu@example.com,男,25,1994/10/12,未婚,AB型,茨城県,045-201-6456,090- 379-3541,ソフトバンク
宮内 遥,みやうち はるか,miyauchi_haruka@example.com,女,58,1961/10/30,既婚,O型,兵庫県,098-361-9238,080-7216-5137,au
麻生 照生,あそう てるお,asou_teruo@example.com,男,53,1966/8/4,既婚,O型,茨城県,030-456-3837,080- 518-4575,ドコモ
杉本 俊二,すぎもと しゅんじ,sugimoto_shunji@example.com,男,31,1988/7/1,未婚,B型,福岡県,046-111-3706,080-6809-9495,ドコモ
藤野 ノブヒコ,ふじの のぶひこ,fujino_nobuhiko@example.com,男,29,1990/4/18,既婚,O型,兵庫県,053-723- 182,090- 632-4731,ドコモ
大矢 恵梨香,おおや えりか,ooya_erika@example.com,女,41,1978/7/23,既婚,O型,北海道,066-761- 459,080-5982-5376,ソフトバンク
福沢 恵麻,ふくざわ えま,fukuzawa_ema@example.com,女,40,1979/7/20,既婚,A型,大阪府,0 6-477- 454,090-6545-1375,ドコモ
菅谷 なつみ,すがや なつみ,sugaya_natsumi@example.com,女,88,1931/5/1,既婚,AB型,神奈川県,092-547-2987,090- 713-7213,au
森永 美幸,もりなが みゆき,morinaga_miyuki@example.com,女,87,1932/5/27,既婚,O型,大阪府,030-754-9933,090-8145-4816,ドコモ
大塚 博之,おおつか ひろゆき,ootsuka_hiroyuki@example.com,男,25,1994/11/4,既婚,O型,大阪府,013-615-2822,090-1095-6254,au
波多野 秀隆,はたの ひでたか,hatano_hidetaka@example.com,男,35,1984/8/17,既婚,O型,大分県,060-256-7956,080-4192-4826,au
及川 恵望子,おいかわ えみこ,oikawa_emiko@example.com,女,33,1986/6/1,既婚,AB型,静岡県,059-615-1142,080-2299-2468,ドコモ
大滝 璃子,おおたき りこ,ootaki_riko@example.com,女,85,1934/5/15,既婚,O型,鳥取県,078-838-2348,090-8544-3066,ドコモ
北 豊,きた ゆたか,kita_yutaka@example.com,男,29,1990/11/25,既婚,O型,山口県,040-433-9474,080-6483-7246,au
関口 樹里,せきぐち じゅり,sekiguchi_juri@example.com,女,22,1997/8/28,既婚,A型,大阪府,0 5-473- 663,080-5282-3544,ソフトバンク
久保田 芳正,くぼた よしまさ,kubota_yoshimasa@example.com,男,50,1969/8/14,既婚,O型,北海道,054-170-4000,080- 749-5025,ドコモ
水田 妃里,みずた ゆり,mizuta_yuri@example.com,女,70,1949/2/3,既婚,O型,北海道,038-565-8395,090-1855-8230,ドコモ
花田 大五郎,はなだ だいごろう,hanada_daigorou@example.com,男,32,1987/5/19,既婚,B型,熊本県,064-344-6780,090-4014-3925,au
富樫 隼士,とがし しゅんじ,togashi_shunji@example.com,男,64,1955/5/23,既婚,A型,神奈川県,054-447-7851,090-8993-9469,au
角田 未來,かどた みらい,kadota_mirai@example.com,女,82,1937/9/7,既婚,B型,千葉県,088-117-9824,090-8291-4136,ソフトバンク
外山 明宏,そとやま あきひろ,sotoyama_akihiro@example.com,男,45,1974/7/25,未婚,B型,北海道,026-811-5911,090-5722-1523,ドコモ
小沢 ジョージ,おざわ じょーじ,ozawa_george@example.com,男,64,1955/8/5,既婚,B型,埼玉県,011-450- 461,090-4021- 957,ドコモ
小川 沙知絵,おがわ さちえ,ogawa_sachie@example.com,女,83,1936/1/2,既婚,A型,宮城県,034- 67-7748,090-7556-8004,ドコモ
林田 夏希,はやしだ なつき,hayashida_natsuki@example.com,女,46,1973/1/10,既婚,B型,奈良県,055-393-1083,080-5365- 558,ドコモ
東 明慶,ひがし あきよし,higashi_akiyoshi@example.com,男,69,1950/2/8,既婚,O型,岩手県,030-103-8539,080-7220-2795,ソフトバンク
前島 美佐子,まえじま みさこ,maejima_misako@example.com,女,59,1960/2/10,既婚,O型,神奈川県,017-196-6453,090-6572-4015,ドコモ
古賀 瞳,こが ひとみ,koga_hitomi@example.com,女,25,1994/7/31,既婚,B型,兵庫県,021-782-6587,080-9274-5871,au
高野 南朋,たかの なお,takano_nao@example.com,女,25,1994/3/7,未婚,A型,山形県,010-964-4859,080- 319-8294,au
中園 惇,なかぞの じゅん,nakazono_jun@example.com,男,27,1992/10/8,既婚,O型,愛媛県,016-288-5172,080-1068-2613,ドコモ
坂本 結衣,さかもと ゆい,sakamoto_yui@example.com,女,20,1999/10/23,既婚,A型,群馬県,037-944-6188,080-4956-2415,ドコモ
内田 長利,うちだ ながとし,uchida_nagatoshi@example.com,男,57,1961/12/26,既婚,O型,大阪府,091- 19-1393,080-1388-8814,au
小玉 美和子,こだま みわこ,kodama_miwako@example.com,女,67,1952/7/20,既婚,O型,兵庫県,093-953-4316,090-3444-7305,ドコモ
楠本 ひろ子,くすもと ひろこ,kusumoto_hiroko@example.com,女,72,1947/11/26,既婚,A型,広島県,074-457-4269,080-1557-1070,ドコモ
玉木 沙知絵,たまき さちえ,tamaki_sachie@example.com,女,28,1991/7/4,未婚,B型,広島県,038-945-6692,090- 281-5321,ドコモ
金沢 豊,かねざわ ゆたか,kanezawa_yutaka@example.com,男,30,1989/1/17,未婚,O型,千葉県,084- 49-8742,090-7129-4362,ドコモ
加藤 美和子,かとう みわこ,katou_miwako@example.com,女,56,1963/6/29,既婚,O型,神奈川県,019-581-8818,080-8701-2240,au
向井 一樹,むらい かずき,murai_kazuki@example.com,男,20,1999/4/2,未婚,B型,東京都,068-838-8171,090-4288-7473,au
稲田 俊介,いなだ しゅんすけ,inada_shunsuke@example.com,男,41,1978/10/11,既婚,A型,千葉県,055-210-4093,090-6435-5094,ツーカー
市原 紗季,いちはら さき,ichihara_saki@example.com,女,85,1934/7/30,既婚,O型,静岡県,081-333-8999,090-7588-1847,ドコモ
滝川 ひろみ,たきがわ ひろみ,takigawa_hiromi@example.com,女,75,1944/11/5,既婚,A型,福島県,047- 81-3400,080-5028-8703,ドコモ
大矢 璃子,おおや りこ,ooya_riko@example.com,女,21,1998/3/12,未婚,AB型,千葉県,035-216-6604,090- 991-3376,au
金谷 華子,かなや はなこ,kanaya_hanako@example.com,女,68,1951/4/28,既婚,A型,茨城県,060-590-6211,090-3501-3943,ソフトバンク
野上 さやか,のがみ さやか,nogami_sayaka@example.com,女,81,1937/12/20,既婚,O型,茨城県,038-712-2232,080-8860-3793,au
高木 俊二,たかぎ しゅんじ,takagi_shunji@example.com,男,79,1940/11/27,既婚,A型,兵庫県,089- 50-3368,080-5172-4928,au
宮田 美菜,みやた みな,miyata_mina@example.com,女,22,1996/12/25,既婚,B型,宮城県,082- 35-2749,080-8103-7843,ドコモ
安部 サダヲ,あべ さだお,abe_sadawo@example.com,男,89,1930/3/28,既婚,O型,岩手県,027-526-3306,080- 366-9695,ドコモ
藤野 咲,ふじの さき,fujino_saki@example.com,女,77,1942/3/13,既婚,A型,大阪府,011-352-9460,080-1365- 692,ドコモ
梅田 俊介,うめだ しゅんすけ,umeda_shunsuke@example.com,男,86,1933/1/8,既婚,B型,香川県,091-356-3293,090-2340-4280,au
高尾 由美子,たかお ゆみこ,takao_yumiko@example.com,女,54,1965/2/28,既婚,O型,大阪府,080-266-3296,090-5052-7710,ドコモ
大原 早織,おおはら さおり,oohara_saori@example.com,女,60,1959/2/6,既婚,O型,東京都,073- 21-1819,080-1323-3662,au
小西 広司,こにし こうじ,konishi_kouji@example.com,男,87,1932/11/21,既婚,O型,滋賀県,0 1-858- 124,090-1271-8306,ドコモ
田中 誠治,たなか せいじ,tanaka_seiji@example.com,男,55,1963/12/26,既婚,AB型,栃木県,032-255-2857,090- 728- 628,ドコモ
山口 マサカズ,やまぐち まさかず,yamaguchi_masakazu@example.com,男,34,1985/2/3,未婚,B型,岩手県,076-952-8587,090-6668-4820,ドコモ
依田 フミヤ,よりた ふみや,yorita_fumiya@example.com,男,86,1933/10/5,既婚,O型,愛知県,068-114-1099,080-9541-7001,ドコモ
一木 慢太郎,いちき まんたろう,ichiki_mantarou@example.com,男,27,1992/4/6,未婚,B型,福島県,092-588-3521,080-2601-1099,au
米倉 薫,よねくら かおる,yonekura_kaoru@example.com,男,48,1971/10/15,既婚,A型,和歌山県,017-368-3388,080-3753-1739,ドコモ
大浦 まさし,おおうら まさし,ooura_masashi@example.com,男,63,1956/9/22,既婚,A型,北海道,047-171-4931,090-1777-5808,ドコモ
内山 小百合,うちやま さゆり,uchiyama_sayuri@example.com,女,89,1930/1/9,既婚,O型,群馬県,016-324-8510,090-2125- 499,au
大後 春樹,おおご はるき,oogo_haruki@example.com,女,45,1974/4/16,既婚,A型,神奈川県,0 5-330- 918,090-3777-2718,ドコモ
河村 祐一,かわむら ゆういち,kawamura_yuuichi@example.com,男,40,1979/10/21,既婚,O型,福島県,019-708-7139,090-5304-4283,ドコモ
大井 奈々,おおい なな,ooi_nana@example.com,女,20,1999/1/7,未婚,A型,東京都,043-557-7157,090-5652- 450,ソフトバンク
市川 京子,いちかわ きょうこ,ichikawa_kyouko@example.com,女,78,1941/5/8,既婚,A型,新潟県,028-892- 639,080-6886-8528,ドコモ
川田 杏,かわた あん,kawata_ann@example.com,女,30,1989/10/26,既婚,O型,千葉県,074-551-4274,080-9051-9952,ドコモ
大原 明慶,おおはら あきよし,oohara_akiyoshi@example.com,男,64,1954/12/24,既婚,B型,鳥取県,042-839-6952,090-2803- 986,ドコモ
沼田 輝信,ぬまた あきのぶ,numata_akinobu@example.com,男,23,1996/7/18,既婚,B型,福井県,067-928-1090,080-2023- 739,au
山城 璃奈子,やましろ りなこ,yamashiro_rinako@example.com,女,21,1998/1/31,既婚,A型,福島県,062-204-3048,080-1856-8312,ソフトバンク
吹越 恵麻,ふきこし えま,fukikoshi_ema@example.com,女,74,1945/4/29,既婚,A型,愛知県,066-503-3075,090-5298-7866,ドコモ
高橋 涼,たかはし りょう,takahashi_ryou@example.com,女,43,1976/1/25,既婚,A型,東京都,051- 13-2822,090-2831-5877,au
小出 英嗣,こいで ひでつぐ,koide_hidetsugu@example.com,男,39,1980/3/5,未婚,A型,宮城県,059-705-7511,090-3038-1802,ソフトバンク
水島 かおり,みずしま かおり,mizushima_kaori@example.com,女,52,1967/3/27,既婚,O型,茨城県,079-153-4611,080-1998-6237,ドコモ
蛍原 景子,ほとはら けいこ,hotohara_keiko@example.com,女,75,1944/8/11,既婚,B型,埼玉県,066-208-9180,080-8911-3500,ドコモ
矢沢 寛治,やざわ かんじ,yazawa_kanji@example.com,男,81,1938/3/29,既婚,AB型,神奈川県,014-794-6749,090-8394-6500,ドコモ
神崎 美菜,かんざき みな,kannzaki_mina@example.com,女,23,1996/3/23,既婚,B型,熊本県,055-439-7820,090-5694-6040,au
寺脇 照生,てらわき てるお,terawaki_teruo@example.com,男,35,1984/3/25,既婚,A型,千葉県,084-767-5022,080-7567-9484,ドコモ
猪股 莉緒,いのまた りお,inomata_rio@example.com,女,88,1931/5/16,既婚,B型,東京都,036-550- 345,090-8898-3345,ドコモ
大和田 俊二,おおわだ しゅんじ,oowada_shunji@example.com,男,32,1987/1/28,既婚,A型,神奈川県,065-247-1165,080-2778-3246,ドコモ
小玉 まひる,こだま まひる,kodama_mahiru@example.com,女,66,1953/7/2,既婚,A型,神奈川県,096-595-7747,090-6650-5310,ソフトバンク
松井 美紀,まつい みき,matsui_miki@example.com,女,76,1943/3/10,既婚,O型,埼玉県,070-607-1755,080-9405-2723,au
成瀬 芳正,なるせ よしまさ,naruse_yoshimasa@example.com,男,72,1947/3/15,既婚,A型,愛知県,0 3-274-1175,090-7436-5535,ドコモ
末永 瞬,すえなが しゅん,suenaga_shun@example.com,男,69,1950/9/5,既婚,A型,大阪府,025-459-4200,090-5964- 698,ドコモ
小幡 莉沙,おばた りさ,obata_risa@example.com,女,41,1978/10/26,既婚,A型,神奈川県,071-114-6337,090-5107- 702,au
渡辺 結衣,わたなべ ゆい,watanabe_yui@example.com,女,26,1993/3/2,既婚,A型,広島県,091-  6- 373,090-4374- 333,au
金井 圭,かない けい,kanai_kei@example.com,男,50,1969/1/14,既婚,A型,東京都,046- 71-8617,090-2001-3381,ドコモ
飯島 きみまろ,いいじま きみまろ,iijima_kimimaro@example.com,男,68,1951/9/27,既婚,A型,愛知県,076-557-7144,090-1595-5734,ドコモ
相原 みき,あいはら みき,aihara_miki@example.com,女,76,1943/1/29,既婚,O型,千葉県,075-735-9867,080-4895-2136,ドコモ
藤森 敏也,ふじもり としや,fujimori_toshiya@example.com,男,42,1977/5/30,既婚,O型,兵庫県,017-384-5459,090- 515-6840,ドコモ
町田 光良,まちだ てるよし,machida_teruyoshi@example.com,男,58,1960/12/31,既婚,O型,茨城県,072-345-1115,090-6345-9338,au
矢部 俊二,やべ しゅんじ,yabe_shunji@example.com,男,51,1968/12/5,既婚,AB型,静岡県,010-663-3045,090-2810-3226,ドコモ
坂野 佑,いたの たすく,itano_tasuku@example.com,男,67,1952/2/14,既婚,A型,神奈川県,057-473-2440,080-1583-8307,au
田島 明宏,たじま あきひろ,tajima_akihiro@example.com,男,36,1983/8/23,既婚,O型,宮崎県,0 7-797-8108,080-4891-4893,au
島袋 みゆき,しまぶくろ みゆき,shimabukuro_miyuki@example.com,女,83,1936/7/8,既婚,O型,広島県,051-772-2656,080-5853-2022,ドコモ
多岐川 直人,たきがわ なおと,takigawa_naoto@example.com,男,87,1932/6/30,既婚,A型,長野県,068-816-7635,080-4409-5104,ドコモ
平川 亜希,ひらかわ あき,hirakawa_aki@example.com,女,75,1944/5/6,既婚,O型,群馬県,064-536-9517,080-1069-2841,ドコモ
原口 美優,はらぐち みゅう,haraguchi_myuu@example.com,女,81,1937/12/17,既婚,O型,大阪府,069-583-5353,090-5932-6743,ドコモ
三浦 優,みうら ゆう,miura_yuu@example.com,女,27,1992/4/25,既婚,B型,神奈川県,037-881-6882,090-4838-7537,ドコモ
吉永 ひかり,よしなが ひかり,yoshinaga_hikari@example.com,女,35,1983/12/9,既婚,O型,愛知県,067-813-4229,080-3773-9256,ドコモ
横川 豊,よこかわ ゆたか,yokokawa_yutaka@example.com,男,29,1990/6/27,未婚,A型,秋田県,028-658-6649,080- 730-2313,ドコモ
田中 小百合,たなか さゆり,tanaka_sayuri@example.com,女,26,1993/8/16,既婚,O型,神奈川県,015-987-1299,090-7224-3230,ドコモ
根本 瞳,ねもと ひとみ,nemoto_hitomi@example.com,女,30,1989/6/27,未婚,O型,北海道,081-353-2142,090-4661-6552,ドコモ
片山 慎之介,かたやま しんのすけ,katayama_shinnosuke@example.com,男,75,1944/1/17,既婚,O型,埼玉県,039-341-7290,090-8983-4962,ソフトバンク
三宅 奈央,みやけ なお,miyake_nao@example.com,女,21,1997/12/15,既婚,A型,奈良県,068-790-1865,080-8884-1966,ドコモ
関 綾女,せき あやめ,seki_ayame@example.com,女,40,1978/12/11,既婚,B型,神奈川県,017-802-4357,080-6666-2746,ドコモ
滝川 美咲,たきがわ みさき,takigawa_misaki@example.com,女,69,1950/2/20,既婚,B型,東京都,062-310-6038,090-7010-1523,ドコモ
高井 ちえみ,たかい ちえみ,takai_chiemi@example.com,女,31,1988/7/10,未婚,A型,千葉県,094-793-6763,080-6268-3981,ドコモ
成海 良介,なるみ りょうすけ,narumi_ryousuke@example.com,男,48,1971/2/17,既婚,A型,東京都,040-162-6514,090-9647-2835,ドコモ
河野 結子,こうの ゆうこ,kouno_yuuko@example.com,女,32,1987/2/27,既婚,A型,大阪府,063-317-8590,080-6823-1306,ドコモ
根岸 昌代,ねぎし まさよ,negishi_masayo@example.com,女,82,1937/12/2,既婚,A型,福岡県,032-  6- 942,080-2561-2830,ドコモ
今井 惇,いまい じゅん,imai_jun@example.com,男,33,1986/7/20,既婚,A型,宮城県,0 8-446-8527,090- 294-5798,au
浜口 孝太郎,はまぐち こうたろう,hamaguchi_koutarou@example.com,男,60,1959/2/20,既婚,O型,和歌山県,011-299- 525,090-7639-  55,ドコモ
小川 染五郎,おがわ そめごろう,ogawa_somegorou@example.com,男,24,1995/11/22,既婚,B型,東京都,056-760-4812,090-1866-6300,ドコモ
西秋 陽介,にしあき ようすけ,nishiaki_yousuke@example.com,男,60,1959/9/22,既婚,A型,埼玉県,089-947-8846,090-2390-6787,ツーカー
奥村 里穂,おくむら りほ,okumura_riho@example.com,女,22,1997/5/28,既婚,O型,埼玉県,022-606-9433,080-6056- 571,ツーカー
奥寺 めぐみ,おくでら めぐみ,okudera_megumi@example.com,女,81,1938/9/27,既婚,AB型,山形県,021- 16-4974,080-5502-3336,au
平賀 結子,ひらが ゆうこ,hiraga_yuuko@example.com,女,78,1941/10/29,既婚,O型,愛知県,085-381-2171,090-8920-8814,au
蒼井 光,あおい ひかる,aoi_hikaru@example.com,女,88,1930/12/15,既婚,B型,山梨県,073-861-1473,080-5183-3343,ドコモ
塩田 幸平,しおた こうへい,shiota_kouhei@example.com,男,21,1998/11/30,未婚,A型,大阪府,090-931-7051,090-5101-9532,ドコモ
藤本 めぐみ,ふじもと めぐみ,fujimoto_megumi@example.com,女,79,1939/12/22,既婚,O型,沖縄県,022-976-8050,090-9644-2343,ソフトバンク
本山 さんま,ほんやま さんま,honnyama_sanma@example.com,男,87,1932/8/3,既婚,O型,広島県,064-664-8178,080-6960-8675,ドコモ
岡 研二,おか けんじ,oka_kenji@example.com,男,36,1983/11/15,未婚,A型,愛知県,0 8-130-6917,080-4177-2393,ドコモ
山崎 翔太,やまざき しょうた,yamazaki_shouta@example.com,男,28,1991/3/1,未婚,O型,島根県,053- 68- 601,080-7268-4807,au
江川 米蔵,えがわ よねぞう,egawa_yonezou@example.com,男,30,1989/2/2,既婚,O型,埼玉県,050- 68-1918,090-9611-8384,ソフトバンク
妻夫木 徹,つまぶき とおる,tsumabuki_tooru@example.com,男,22,1997/8/25,既婚,B型,岐阜県,075-665-2665,090-1901-9122,ドコモ
徳田 なつみ,とくた なつみ,tokuta_natsumi@example.com,女,37,1982/3/9,既婚,B型,東京都,046-348-7401,080-2191-7951,ソフトバンク
手島 しぼり,てじま しぼり,tejima_shibori@example.com,女,28,1991/5/4,既婚,O型,三重県,042-575-6506,090-1585-5125,au
三宅 蒼甫,みやけ そうすけ,miyake_sousuke@example.com,男,88,1931/3/18,既婚,A型,北海道,040-720-4080,080- 117-9620,ソフトバンク
羽田 扶樹,はた もとき,hata_motoki@example.com,男,63,1956/2/7,既婚,A型,福岡県,041-323-3371,090-9518-3709,ドコモ
緒方 満,おがた みつる,ogata_mitsuru@example.com,男,85,1934/4/24,既婚,A型,北海道,023-821-9578,090-3566-1916,ドコモ
玉置 克実,たまき かつみ,tamaki_katsumi@example.com,男,30,1989/3/17,既婚,A型,茨城県,075-496-7889,090-2031-1560,ドコモ
紺野 和香,こんの わか,konno_waka@example.com,女,30,1988/12/15,既婚,A型,長崎県,0 6-823- 424,080-4216-6078,ドコモ
草村 智花,くさむら ともか,kusamura_tomoka@example.com,女,48,1971/7/18,既婚,AB型,千葉県,051-868- 518,080-7697-1752,ドコモ
本間 光臣,ほんま みつおみ,honnma_mitsuomi@example.com,男,40,1979/8/11,既婚,A型,東京都,037-860-2732,090-7669-8755,ドコモ
及川 ちえみ,おいかわ ちえみ,oikawa_chiemi@example.com,女,31,1988/5/3,既婚,O型,神奈川県,050-216-5282,090-9559-5491,au
馬場 彩華,ばば あやか,baba_ayaka@example.com,女,61,1958/7/26,既婚,O型,兵庫県,054-334- 691,080- 862-7845,ドコモ
藤原 英嗣,ふじわら ひでつぐ,fujiwara_hidetsugu@example.com,男,72,1947/3/14,既婚,O型,富山県,082-255-9024,080- 808-3169,ソフトバンク
石田 さんま,いしだ さんま,ishida_sanma@example.com,男,64,1955/8/8,既婚,A型,東京都,013- 84-5331,090-8263-9395,au
岡 りえ,おか りえ,oka_rie@example.com,女,85,1934/5/22,既婚,A型,富山県,093- 35-6257,080-6488-6128,ソフトバンク
末永 和香,すえなが わか,suenaga_waka@example.com,女,59,1960/3/15,既婚,O型,広島県,095-636-4322,090- 707- 819,ツーカー
野口 陽介,のぐち ようすけ,noguchi_yousuke@example.com,男,30,1989/2/24,未婚,O型,東京都,091-221-7317,080-3331-2429,ソフトバンク
安達 美咲,あだち みさき,adachi_misaki@example.com,女,39,1980/2/25,既婚,AB型,埼玉県,084-164-3590,090-6689-4090,ドコモ
井村 ケンイチ,いむら けんいち,imura_kenichi@example.com,男,52,1967/12/1,既婚,B型,東京都,061-134-5030,080-1820-5498,ドコモ
菅沼 美咲,すがぬま みさき,suganuma_misaki@example.com,女,40,1979/7/10,既婚,A型,滋賀県,061-674-3949,080-3533-8794,au
多岐川 三郎,たきがわ さぶろう,takigawa_saburou@example.com,男,48,1971/2/28,既婚,B型,大阪府,031- 69-4898,090-8818- 894,ツーカー
岩井 裕次郎,いわい ゆうじろう,iwai_yuujirou@example.com,男,70,1949/10/6,既婚,O型,愛知県,093-132-9501,090-8995-7320,ソフトバンク
角 美佳,すみ みか,sumi_mika@example.com,女,59,1960/8/11,既婚,A型,秋田県,036- 74-1898,090-1242-7252,ドコモ
諏訪 翔太,すわ しょうた,suwa_shouta@example.com,男,84,1935/3/3,既婚,B型,岐阜県,023-863-9877,080-8016-3978,ソフトバンク
花田 フミヤ,はなだ ふみや,hanada_fumiya@example.com,男,84,1935/5/1,既婚,O型,愛知県,042-392-8990,090-7856-8847,ソフトバンク
深田 明,ふかだ あきら,fukada_akira@example.com,男,26,1993/5/29,既婚,A型,岡山県,035-842- 702,080-8797-2465,ドコモ
中野 一恵,なかの かづえ,nakano_kadue@example.com,女,74,1945/7/13,既婚,O型,広島県,085-201-4229,090-6991-1389,au
高沢 芽以,たかさわ めい,takasawa_mei@example.com,女,46,1973/4/24,既婚,A型,新潟県,083-136-5998,090-6198-4399,ドコモ
庄司 陽子,しょうじ ようこ,shouji_youko@example.com,女,88,1931/11/14,既婚,A型,東京都,092-318-7310,090-3547-2947,ソフトバンク
白木 さやか,しらき さやか,shiraki_sayaka@example.com,女,25,1994/11/20,既婚,A型,福岡県,075-218-1330,090-9410-4301,ドコモ
徳重 優,とくしげ ゆう,tokushige_yuu@example.com,女,68,1951/3/24,既婚,O型,山口県,060- 71- 492,080-5072-8365,ドコモ
神木 杏,かみき あん,kamiki_ann@example.com,女,66,1953/9/17,既婚,A型,愛媛県,085-800-1483,080-8284-1440,au
若林 芳正,わかばやし よしまさ,wakabayashi_yoshimasa@example.com,男,30,1989/10/26,既婚,B型,埼玉県,025-734-6054,090-1317-1838,ソフトバンク
清田 千夏,きよた ちなつ,kiyota_chinatsu@example.com,女,55,1964/5/17,既婚,B型,広島県,061-553-5688,080-2466-5223,ソフトバンク
村上 ヒロ,むらかみ ひろ,murakami_hiro@example.com,男,68,1951/10/24,既婚,B型,香川県,034-528-1075,080-8670-3385,au
北川 早紀,きたがわ さき,kitagawa_saki@example.com,女,86,1933/11/1,既婚,A型,東京都,036-441-3336,080-8353-2551,au
小松 結衣,こまつ ゆい,komatsu_yui@example.com,女,79,1940/5/20,既婚,A型,京都府,043-772-2710,090-7556-5521,au
石塚 栄一,いしづか えいいち,ishiduka_eiichi@example.com,男,61,1958/1/16,既婚,B型,長野県,061-394-4374,090-2306-7901,au
坂下 小百合,さかした さゆり,sakashita_sayuri@example.com,女,53,1966/7/21,既婚,AB型,東京都,014-154-1634,090-1372-9299,ソフトバンク
吉田 優一,よしだ ゆういち,yoshida_yuuichi@example.com,男,36,1983/4/22,既婚,B型,千葉県,049-993-9245,090-3784-8231,ソフトバンク
田沢 剛基,たざわ よしき,tazawa_yoshiki@example.com,男,65,1954/7/5,既婚,B型,千葉県,091-208-3978,080-6902-1605,au
五味 六郎,ごみ ろくろう,gomi_rokurou@example.com,男,44,1975/10/17,既婚,O型,埼玉県,091-192-2858,080-8852-6881,ソフトバンク
八十田 恵麻,やそだ えま,yasoda_ema@example.com,女,41,1978/1/30,既婚,AB型,石川県,097-319-8112,090-4851-5640,ドコモ
佐久間 洋介,さくま ようすけ,sakuma_yousuke@example.com,男,58,1961/7/7,既婚,A型,福岡県,061-510-4164,080-4281-1914,ソフトバンク
布川 麻緒,ふかわ まお,fukawa_mao@example.com,女,40,1979/5/29,既婚,O型,東京都,098-630-2568,090-4146- 275,ドコモ
大滝 淳子,おおたき あつこ,ootaki_atsuko@example.com,女,70,1949/2/8,既婚,A型,北海道,0 7-142-3071,080-8653-3085,ドコモ
松村 鉄二,まつむら てつじ,matsumura_tetsuji@example.com,男,86,1933/6/12,既婚,AB型,宮崎県,055-872-6743,080-6963-2285,ドコモ
磯部 知世,いそべ ちせ,isobe_chise@example.com,女,41,1978/5/31,未婚,O型,熊本県,081-688-5318,090-4353-1278,ドコモ
堀田 三郎,ほった さぶろう,hotta_saburou@example.com,男,36,1983/5/14,既婚,A型,岐阜県,057-187-9312,090-4144-7053,au
大川 陽子,おおかわ ようこ,ookawa_youko@example.com,女,75,1944/11/19,既婚,B型,千葉県,064-945- 211,080-8375-4454,ドコモ
西村 真一,にしむら しんいち,nishimura_shinichi@example.com,男,80,1939/10/17,既婚,AB型,埼玉県,048- 75-6350,090-5420-1050,au
高村 努,たかむら つとむ,takamura_tsutomu@example.com,男,38,1981/10/1,既婚,AB型,沖縄県,044- 56- 854,090-2969-7731,au
有村 結子,ありむら ゆうこ,arimura_yuuko@example.com,女,29,1989/12/30,未婚,A型,兵庫県,076-655-1408,080-2111-8146,ドコモ
池谷 明宏,いけたに あきひろ,iketani_akihiro@example.com,男,80,1939/3/20,既婚,O型,神奈川県,066-116-5855,080-5236-9003,au
高沢 優,たかさわ ゆう,takasawa_yuu@example.com,女,32,1987/2/21,既婚,B型,静岡県,056-722-5415,080-2902-3647,ドコモ
高橋 勇,たかはし ゆう,takahashi_yuu@example.com,女,77,1942/2/15,既婚,O型,東京都,041-850-5745,080-8292-1923,ドコモ
守屋 貴嶺,もりや たかね,moriya_takane@example.com,男,81,1938/7/4,既婚,A型,秋田県,046-568-4510,090-  14-3154,ドコモ
小椋 恭子,おぐら きょうこ,ogura_kyouko@example.com,女,83,1936/7/11,既婚,AB型,茨城県,048-988-8745,090-9806-1613,ドコモ
梶原 有海,かじわら あみ,kajiwara_ami@example.com,女,51,1968/3/1,既婚,O型,徳島県,045-455-9089,090-4049-2666,ドコモ
笠井 公顕,かさい きみあき,kasai_kimiaki@example.com,男,76,1943/9/26,既婚,O型,福島県,059-257-2714,090-4435-9795,au
筧 ケンイチ,かけい けんいち,kakei_kenichi@example.com,男,75,1944/4/26,既婚,O型,宮城県,063-459-8173,080-9781-7515,ソフトバンク
沢村 理紗,さわむら りさ,sawamura_risa@example.com,女,87,1932/3/5,既婚,A型,千葉県,025-611-1063,090-2166-6132,ドコモ
村中 紗季,むらなか さき,muranaka_saki@example.com,女,78,1941/3/10,既婚,AB型,埼玉県,064-283-5051,080-6496-6050,ドコモ
中原 浩太郎,なかはら こうたろう,nakahara_koutarou@example.com,男,51,1968/7/31,既婚,O型,大阪府,011-336-5354,080-1876-  55,ドコモ
中川 優,なかがわ ゆう,nakagawa_yuu@example.com,男,25,1994/10/27,既婚,A型,神奈川県,038-224-6353,080-5781-6514,ドコモ
村中 優,むらなか ゆう,muranaka_yuu@example.com,男,34,1985/2/23,既婚,O型,滋賀県,056-914-8107,090-8604- 242,ドコモ
永島 光洋,ながしま みつひろ,nagashima_mitsuhiro@example.com,男,24,1995/3/13,未婚,A型,東京都,061-733-5432,090-4035-8698,ドコモ
五十嵐 晴臣,いがらし はるおみ,igarashi_haruomi@example.com,男,57,1962/8/14,既婚,A型,山口県,018-638-9254,080-7466-7564,ドコモ
菅 咲,すが さき,suga_saki@example.com,女,70,1949/9/6,既婚,O型,千葉県,029-324-9190,080-2010- 835,ドコモ
池田 恵梨香,いけだ えりか,ikeda_erika@example.com,女,22,1997/5/28,既婚,A型,滋賀県,034- 63-6252,090-2761-2432,au
杉下 恵美,すぎした めぐみ,sugishita_megumi@example.com,女,86,1933/7/25,既婚,O型,東京都,0 4-207- 611,090-3066-5602,au
川辺 真悠子,かわべ まゆこ,kawabe_mayuko@example.com,女,74,1945/2/7,既婚,O型,東京都,079-378-5074,090-3195-1632,au
大槻 南朋,おおつき なお,ootsuki_nao@example.com,女,35,1984/8/9,既婚,A型,東京都,0 8-710-9491,090- 856-3056,au
多岐川 隆太,たきがわ りゅうた,takigawa_ryuuta@example.com,男,60,1959/1/17,既婚,O型,大阪府,026-163-8889,080-9290- 902,ドコモ
高島 麻緒,たかしま まお,takashima_mao@example.com,女,48,1971/5/21,既婚,B型,長崎県,021-140- 273,080-5522-4201,au
日野 ヒロ,ひの ひろ,hino_hiro@example.com,男,67,1952/11/6,既婚,A型,北海道,026-  6-5168,090-2338-5931,ドコモ
有村 美咲,ありむら みさき,arimura_misaki@example.com,女,26,1993/1/30,未婚,O型,佐賀県,0 6-876-8728,080-1883-5543,ドコモ
矢島 隆博,やじま たかひろ,yajima_takahiro@example.com,男,37,1982/9/18,既婚,B型,岐阜県,080-696-4313,080-5573- 916,ソフトバンク
狩野 菜摘,かの なつみ,kano_natsumi@example.com,女,27,1992/7/7,既婚,A型,沖縄県,050-730-5591,090-4965-3481,ドコモ
永井 明,ながい あきら,nagai_akira@example.com,男,88,1931/3/15,既婚,A型,神奈川県,088-620-3700,080-5089-1036,ドコモ
安永 はるみ,やすなが はるみ,yasunaga_harumi@example.com,女,53,1966/11/3,既婚,A型,栃木県,047-434-8007,090- 289-3897,ドコモ
山上 那奈,やまがみ なな,yamagami_nana@example.com,女,87,1932/4/30,既婚,A型,佐賀県,064-544-7649,080-5573-4777,au
塩谷 陽子,しおたに ようこ,shiotani_youko@example.com,女,26,1993/5/24,既婚,O型,東京都,026-186-1696,080-4133-9655,ドコモ
西口 淳子,にしぐち あつこ,nishiguchi_atsuko@example.com,女,75,1944/6/11,既婚,AB型,福岡県,038-946-5142,080-4077-8394,ドコモ
河合 奈月,かわい なつき,kawai_natsuki@example.com,女,37,1982/3/17,既婚,O型,埼玉県,092-767- 592,080-4271- 176,ドコモ
武田 あおい,たけだ あおい,takeda_aoi@example.com,女,31,1988/10/20,既婚,O型,山口県,036-575-1008,090-1471-1952,ドコモ
北条 しぼり,ほうじょう しぼり,houjou_shibori@example.com,女,88,1930/12/15,既婚,O型,富山県,0 8-950-1730,090-4077-3027,ドコモ
立花 茜,たちばな あかね,tachibana_akane@example.com,女,21,1998/10/6,未婚,AB型,大阪府,0 8-508-9818,090-9398-8948,ドコモ
赤松 慢太郎,あかまつ まんたろう,akamatsu_mantarou@example.com,男,68,1951/5/17,既婚,A型,福井県,059- 81-3895,080- 265-6068,ソフトバンク
新谷 雅彦,あらや まさひこ,araya_masahiko@example.com,男,37,1982/3/28,既婚,O型,福岡県,081-480-9916,090-1842-3013,ドコモ
篠田 哲平,しのだ てっぺい,shinoda_teppei@example.com,男,39,1980/10/20,既婚,A型,兵庫県,058-613-7928,080-8325-4629,ドコモ
三木 結子,みき ゆうこ,miki_yuuko@example.com,女,67,1952/5/28,既婚,B型,北海道,080- 51-9495,080-7265-2238,ドコモ
大後 まさみ,おおご まさみ,oogo_masami@example.com,女,69,1950/5/22,既婚,A型,愛知県,011-157-1287,090- 844-5211,ドコモ
北川 翔,きたがわ しょう,kitagawa_shou@example.com,男,45,1974/3/6,既婚,B型,東京都,085-540-8175,080-7836-1800,au
成瀬 進,なるせ すすむ,naruse_susumu@example.com,男,66,1953/7/31,既婚,AB型,北海道,064-755-3560,080-2361- 510,ツーカー
那須 涼子,なす りょうこ,nasu_ryouko@example.com,女,40,1979/7/25,既婚,A型,東京都,021-810-4130,090- 679-5473,au
塩田 誠治,しおた せいじ,shiota_seiji@example.com,男,63,1956/11/12,既婚,O型,奈良県,0 3- 50-2076,090-5794-3784,ドコモ
野崎 遥,のざき はるか,nozaki_haruka@example.com,女,31,1988/4/18,既婚,B型,茨城県,016-953-9071,090- 492-4782,ドコモ
末永 健,すえなが けん,suenaga_ken@example.com,男,81,1938/2/28,既婚,O型,神奈川県,052-616-4449,080-4715-3701,ドコモ
吉田 沙知絵,よしだ さちえ,yoshida_sachie@example.com,女,31,1988/3/16,既婚,A型,東京都,0 9-663- 421,090-2275-2946,au
森井 えみ,もりい えみ,morii_emi@example.com,女,41,1978/2/5,既婚,B型,秋田県,034-282-2130,090-5874- 110,ドコモ
桜井 七世,さくらい ななせ,sakurai_nanase@example.com,女,24,1995/11/28,既婚,O型,群馬県,041- 96-4996,090-6954-4168,ドコモ
小笠原 優,おがさわら ゆう,ogasawara_yuu@example.com,男,82,1937/2/15,既婚,O型,山梨県,090-  6-4690,080-3070- 928,ドコモ
児島 まみ,こじま まみ,kojima_mami@example.com,女,88,1931/2/23,既婚,O型,宮崎県,042-531-7996,090-1862-6898,ドコモ
立石 法子,たちいし のりこ,tachiishi_noriko@example.com,女,47,1972/4/9,既婚,O型,千葉県,096-950-6975,090-6832-3424,au
金森 たかお,かなもり たかお,kanamori_takao@example.com,男,51,1968/7/21,既婚,B型,大阪府,089- 51-5056,090-1282-3137,au
小玉 信吾,こだま しんご,kodama_shingo@example.com,男,69,1950/3/6,既婚,B型,岩手県,047-699-7518,080-7326-1705,ドコモ
町田 慎之介,まちだ しんのすけ,machida_shinnosuke@example.com,男,41,1978/4/29,未婚,B型,東京都,089-509-3362,080-5126-2352,ドコモ
松川 亜希,まつかわ あき,matsukawa_aki@example.com,女,35,1984/7/17,既婚,B型,広島県,039-757-4147,090-9007-3533,ドコモ
黒川 友香,くろかわ ともか,kurokawa_tomoka@example.com,女,72,1947/10/29,既婚,A型,大阪府,052-  4-6212,080-6686-4097,ソフトバンク
村上 春樹,むらかみ はるき,murakami_haruki@example.com,女,32,1987/6/10,既婚,A型,静岡県,082-439-5719,090-3020-9327,ソフトバンク
今野 三郎,いまの さぶろう,imano_saburou@example.com,男,22,1997/8/11,既婚,O型,熊本県,014-463- 414,090-7114-2855,au
荻原 茜,はぎわら あかね,hagiwara_akane@example.com,女,76,1943/11/24,既婚,B型,香川県,010-834-5754,080-3304-1305,ソフトバンク
小林 博明,こばやし ひろあき,kobayashi_hiroaki@example.com,男,77,1942/12/6,既婚,B型,千葉県,0 2-797-6368,090-1658-7509,ドコモ
久野 瞬,ひさの しゅん,hisano_shun@example.com,女,52,1967/1/24,既婚,A型,神奈川県,0 3-736-3164,090-7972-6155,au
西川 真希,にしかわ まき,nishikawa_maki@example.com,女,48,1971/4/11,既婚,A型,鹿児島県,032-142-8714,080-8915-6958,au
長沢 涼,ながさわ りょう,nagasawa_ryou@example.com,女,79,1940/7/26,既婚,A型,北海道,061-422-5798,090-5308-2519,ドコモ
石山 美佐,いしやま みさ,ishiyama_misa@example.com,女,75,1944/6/22,既婚,B型,新潟県,022-312-1154,080-8410-3190,au
望月 信輔,もちづき しんすけ,mochiduki_shinsuke@example.com,男,61,1958/4/9,既婚,B型,東京都,052-672-8810,080-3734-3158,ドコモ
長澤 明宏,ながさわ あきひろ,nagasawa_akihiro@example.com,男,78,1941/6/7,既婚,B型,埼玉県,070-973-3083,090-8406-8702,ドコモ
菅谷 朝陽,すがや あさひ,sugaya_asahi@example.com,女,64,1955/4/8,既婚,A型,千葉県,066-836-8096,090-5901-7664,au
吉岡 洋介,よしおか ようすけ,yoshioka_yousuke@example.com,男,50,1969/10/10,既婚,B型,福岡県,087-354-1726,080- 598-3799,au
小笠原 フミヤ,おがさわら ふみや,ogasawara_fumiya@example.com,男,49,1970/7/19,既婚,O型,群馬県,081-696- 726,080-1092-6547,ドコモ
美輪 なつみ,みわ なつみ,miwa_natsumi@example.com,女,57,1962/4/8,既婚,A型,愛知県,059-659-5660,080-3950-9549,ソフトバンク
品川 洋介,しながわ ようすけ,shinagawa_yousuke@example.com,男,23,1996/4/21,既婚,O型,京都府,089-578-9422,080-4097-8780,ドコモ
大内 早織,おおうち さおり,oouchi_saori@example.com,女,84,1935/8/5,既婚,O型,栃木県,069-718- 879,090- 109-2058,ドコモ
佐々木 禄郎,ささき ろくろう,sasaki_rokurou@example.com,男,54,1965/10/9,既婚,A型,沖縄県,070-693-1336,080-6354-2201,ドコモ
塚本 碧海,つかもと おうが,tsukamoto_ouga@example.com,男,64,1955/8/20,既婚,A型,大阪府,092-559-1511,080-1923-5680,au
根岸 友以乃,ねぎし ゆいの,negishi_yuino@example.com,女,63,1956/9/18,既婚,A型,宮崎県,0 8-209-1882,090-8149-3055,ソフトバンク
関谷 エリカ,せきや えりか,sekiya_erika@example.com,女,69,1950/9/10,既婚,O型,長崎県,071-850-4196,080-3134-7201,au
片岡 優,かたおか ゆう,kataoka_yuu@example.com,男,25,1994/2/12,既婚,A型,鹿児島県,071-900-7210,080-7018-2853,ソフトバンク
椎名 由宇,しいな ゆう,shiina_yuu@example.com,女,38,1981/11/2,既婚,O型,埼玉県,051-622-2501,080-6363-8532,au
久保田 愛子,くぼた あいこ,kubota_aiko@example.com,女,26,1993/3/16,既婚,O型,埼玉県,041-337-7883,080-6558-5991,ドコモ
本村 哲平,ほんむら てっぺい,honnmura_teppei@example.com,男,30,1989/11/10,未婚,A型,群馬県,0 7-556-2531,090-1250-9972,au
伊東 美智子,いとう みちこ,itou_michiko@example.com,女,46,1973/1/18,既婚,O型,高知県,071-375- 534,080-2091-9481,ドコモ
小杉 雅彦,こすぎ まさひこ,kosugi_masahiko@example.com,男,55,1964/12/1,既婚,O型,富山県,084- 44-9394,090-8554-8855,ドコモ
関根 聡,せきね さとし,sekine_satoshi@example.com,男,31,1988/6/12,既婚,O型,高知県,073-411-8252,090-6012-4591,ドコモ
土屋 賢治,つちや けんじ,tsuchiya_kenji@example.com,男,84,1935/11/21,既婚,O型,東京都,057-967- 347,080-8198-9325,ツーカー
秦 徹,はた とおる,hata_tohru@example.com,男,55,1964/8/17,既婚,A型,愛知県,056-736-3120,090-3054-9249,ドコモ
秋本 寿々花,あきもと すずか,akimoto_suzuka@example.com,女,67,1952/2/24,既婚,A型,佐賀県,034-598-6312,090-1016-5477,au
三橋 圭,みはし けい,mihashi_kei@example.com,男,26,1993/10/20,未婚,O型,兵庫県,030-520-8090,080-7749-1148,ドコモ
滝本 徹平,たきもと てっぺい,takimoto_teppei@example.com,男,24,1995/2/19,未婚,AB型,福井県,050-309- 323,090- 869-2916,ドコモ
大場 兼,おおば けん,ooba_ken@example.com,男,26,1992/12/9,未婚,B型,大阪府,045-710-2829,090-6410-9481,ドコモ
小坂 健,こざか けん,kozaka_ken@example.com,男,54,1965/3/7,既婚,O型,静岡県,0 1- 79-3726,090-9248-9947,au
野崎 充則,のざき みつのり,nozaki_mitsunori@example.com,男,27,1992/9/7,既婚,B型,愛知県,049-922-8391,090-4305-9101,au
柴田 禄郎,しばた ろくろう,shibata_rokurou@example.com,男,69,1950/7/15,既婚,A型,東京都,092-  6- 287,090-8924-9807,ドコモ
宮原 彩華,みやはら あやか,miyahara_ayaka@example.com,女,41,1978/4/21,既婚,O型,北海道,051-380-1989,080-1883-3622,ドコモ
堀田 真希,ほった まき,hotta_maki@example.com,女,81,1938/6/29,既婚,O型,鹿児島県,049-157-9211,080-4046-2030,au
柴山 正敏,しばやま まさとし,shibayama_masatoshi@example.com,男,30,1989/1/20,既婚,A型,北海道,0  - 94-3060,090-1442-5697,ドコモ
福岡 ひかり,ふくおか ひかり,fukuoka_hikari@example.com,女,81,1938/9/18,既婚,A型,大阪府,085-374-1296,080- 919-9730,ドコモ
日高 千夏,ひだか ちなつ,hidaka_chinatsu@example.com,女,56,1963/8/2,既婚,O型,東京都,026-807-5428,080-1379-8753,au
藤澤 遥,ふじさわ はるか,fujisawa_haruka@example.com,女,75,1944/11/16,既婚,AB型,福井県,025-959-9181,090- 978-8967,ソフトバンク
ト字 恵梨香,とじ えりか,toji_erika@example.com,女,49,1970/12/2,未婚,B型,大阪府,018-810-7887,090-4308-8399,ソフトバンク
田尻 亮,たじり りょう,tajiri_ryou@example.com,男,89,1930/11/26,既婚,O型,北海道,035-479-1098,080-1903-3358,ドコモ
松野 三省,まつの さんせい,matsuno_sansei@example.com,男,36,1983/8/29,既婚,O型,大阪府,0  -300-4603,090-1528-8992,au
安座間 法嗣,あざま ほうし,azama_houshi@example.com,男,61,1958/9/4,未婚,A型,青森県,067-561-8840,080-3302-2798,au
坂本 栄一,さかもと えいいち,sakamoto_eiichi@example.com,男,37,1982/5/3,未婚,AB型,岩手県,022-545-8748,080-6255-8203,ドコモ
有村 真希,ありむら まき,arimura_maki@example.com,女,66,1953/9/18,既婚,O型,大分県,057-851-1108,080-3568-1646,ツーカー
岩瀬 美佳,いわせ みか,iwase_mika@example.com,女,87,1932/3/7,既婚,AB型,神奈川県,070- 66-3862,080-6448-8757,ソフトバンク
宮内 徹,みやうち とおる,miyauchi_tohru@example.com,男,33,1986/3/31,既婚,A型,愛知県,064-461-2473,080-2454-5091,ドコモ
長岡 涼,ながおか りょう,nagaoka_ryou@example.com,女,57,1962/8/17,既婚,O型,大阪府,016-783-2753,090-4390-8365,ソフトバンク
永井 怜奈,ながい れいな,nagai_reina@example.com,女,87,1932/8/6,既婚,A型,千葉県,046-285-6333,080- 245-6199,ソフトバンク
北村 奈々,きたむら なな,kitamura_nana@example.com,女,40,1979/10/8,既婚,O型,埼玉県,017-118-4853,090- 597-9368,ドコモ
石崎 景子,いしざき けいこ,ishizaki_keiko@example.com,女,87,1932/6/10,既婚,B型,徳島県,014-748-7018,090-1341- 851,au
米田 めぐみ,よねだ めぐみ,yoneda_megumi@example.com,女,82,1937/2/24,既婚,B型,福井県,033-846-6228,090-8702-9818,ドコモ
浅倉 雅彦,あさくら まさひこ,asakura_masahiko@example.com,男,70,1949/3/25,既婚,O型,滋賀県,0 8-416- 761,080-3684-3332,ツーカー
新垣 景子,にいがき けいこ,niigaki_keiko@example.com,女,20,1999/5/21,既婚,A型,千葉県,046-436-7453,090-3503-1443,au
小幡 未華子,おばた みかこ,obata_mikako@example.com,女,66,1952/12/14,既婚,A型,東京都,097-693- 329,080- 609-3342,ソフトバンク
山西 雅之,やまにし まさゆき,yamanishi_masayuki@example.com,男,37,1982/7/9,未婚,A型,宮城県,060-496-4066,090-4930-8522,ドコモ
江崎 雅彦,えざき まさひこ,ezaki_masahiko@example.com,男,64,1955/7/23,既婚,A型,福島県,070-304-7780,080-4539- 985,ドコモ
古沢 龍吉,ふるさわ りゅうきち,furusawa_ryuukichi@example.com,男,26,1993/9/11,既婚,A型,静岡県,014-852-7285,080-6697-  17,ドコモ
杉村 直人,すぎむら なおと,sugimura_naoto@example.com,男,70,1949/11/13,既婚,O型,兵庫県,034-554-2697,080-5425-7313,au
守屋 陽子,もりや ようこ,moriya_youko@example.com,女,74,1945/2/25,既婚,AB型,大阪府,088-728-3769,080-3217-6765,au
松本 彩,まつもと あや,matsumoto_aya@example.com,女,53,1966/8/31,既婚,B型,埼玉県,076-790-9173,090-6220-3595,ドコモ
本上 宏,ほんじょう ひろし,honjo_hiroshi@example.com,男,38,1980/12/24,既婚,A型,東京都,0  -248-5179,080-7260-4684,ドコモ
緒形 貴美子,おがた きみこ,ogata_kimiko@example.com,女,70,1949/2/28,既婚,A型,東京都,096-603-8740,090-9114-9573,ドコモ
大和 めぐみ,やまと めぐみ,yamato_megumi@example.com,女,64,1955/4/28,既婚,B型,静岡県,074-271-5790,090- 593-2208,ソフトバンク
石原 敦,いしはら あつし,ishihara_atsushi@example.com,男,79,1940/4/8,既婚,O型,千葉県,015-688-2742,090-6036-6691,ドコモ
山内 涼,やまうち りょう,yamauchi_ryou@example.com,女,73,1946/9/23,既婚,AB型,大分県,075-531-6731,090-4700- 400,au
相原 聡,あいはら さとし,aihara_satoshi@example.com,男,72,1946/12/10,既婚,B型,愛知県,095-430-3580,080-2245-5926,au
杉浦 たかお,すぎうら たかお,sugiura_takao@example.com,男,67,1952/8/21,既婚,O型,神奈川県,099-956-7043,090- 736- 424,ドコモ
伊集院 未來,いじゅういん みらい,ijuuin_mirai@example.com,女,80,1939/5/10,既婚,A型,埼玉県,053- 44-8973,090-2634-1067,ドコモ
勝又 早織,かつまた さおり,katsumata_saori@example.com,女,74,1945/2/18,既婚,A型,岡山県,084-798-7047,090-7022-7247,ソフトバンク
宮崎 陽介,みやざき ようすけ,miyazaki_yousuke@example.com,男,51,1968/2/26,既婚,A型,佐賀県,017-973-5999,090-8949-1751,ドコモ
永野 まなみ,ながの まなみ,nagano_manami@example.com,女,48,1971/2/8,既婚,B型,広島県,040-121-2623,090-6926-9269,au
篠田 信吾,しのだ しんご,shinoda_shingo@example.com,男,32,1987/3/22,未婚,AB型,北海道,085-345- 456,080-7506-9457,ドコモ
橘 由宇,たちばな ゆう,tachibana_yuu@example.com,女,31,1988/6/17,未婚,B型,栃木県,030-782-7947,090-5118-7329,au
大滝 ケンイチ,おおたき けんいち,ootaki_kenichi@example.com,男,52,1967/11/26,既婚,A型,茨城県,078-150-4844,080-1770-7661,ソフトバンク
板倉 雅彦,いたくら まさひこ,itakura_masahiko@example.com,男,74,1945/7/20,既婚,B型,富山県,0  - 31-9079,090-6216-5405,au
今田 和之,いまだ かずゆき,imada_kazuyuki@example.com,男,34,1985/7/23,既婚,B型,千葉県,086-898-3827,090- 859-4605,au
川中 一哉,かわなか かずや,kawanaka_kazuya@example.com,男,20,1999/9/16,未婚,A型,埼玉県,090-608- 951,090- 426-1444,au
谷口 知世,たにぐち ちせ,taniguchi_chise@example.com,女,80,1939/9/28,既婚,B型,埼玉県,0 7-366-7882,090-8172- 824,ソフトバンク
宮地 秀隆,みやじ ひでたか,miyaji_hidetaka@example.com,男,42,1977/8/11,既婚,A型,愛知県,089- 55-1661,080-4318-3504,ソフトバンク
相馬 未來,あいば みらい,aiba_mirai@example.com,女,62,1957/7/13,既婚,O型,宮城県,097-984-5221,080-9301-2114,ソフトバンク
西原 英嗣,にしはら ひでつぐ,nishihara_hidetsugu@example.com,男,33,1986/5/27,既婚,B型,兵庫県,045-208-7832,080-1021-6103,au
大和 長利,やまと ながとし,yamato_nagatoshi@example.com,男,21,1997/12/8,未婚,AB型,東京都,023-312-3456,090-4749-9266,ソフトバンク
尾崎 勝久,おざき かつひさ,ozaki_katsuhisa@example.com,男,77,1942/1/8,既婚,B型,兵庫県,084-413-4616,090-1384-9274,ドコモ
水野 礼子,みずの れいこ,mizuno_reiko@example.com,女,34,1985/9/30,既婚,A型,愛知県,033-311-4931,080-9621-9680,ドコモ
深谷 宏行,ふかや ひろゆき,fukaya_hiroyuki@example.com,男,83,1936/11/20,既婚,A型,東京都,037-185-2050,090-4111-6039,ドコモ
脇田 明宏,わきた あきひろ,wakita_akihiro@example.com,男,56,1963/8/16,既婚,A型,山形県,091-578- 103,080-3655-9357,ドコモ
亀田 博之,かめだ ひろゆき,kameda_hiroyuki@example.com,男,72,1947/6/28,既婚,AB型,千葉県,095- 30-3333,080- 699-5794,ソフトバンク
志田 真奈美,しだ まなみ,shida_manami@example.com,女,50,1969/6/22,既婚,A型,静岡県,087-745-1068,080-1184-4064,au
上田 圭,うえだ けい,ueda_kei@example.com,男,88,1931/4/3,既婚,A型,神奈川県,032-110-4729,090-4850-8494,ドコモ
関 さやか,せき さやか,seki_sayaka@example.com,女,71,1948/11/4,既婚,O型,大阪府,028-575-2578,080-1967-3176,au
古田 啓介,ふるた けいすけ,furuta_keisuke@example.com,男,64,1955/11/30,既婚,B型,大分県,0 2-778-6267,080-2180-4264,ソフトバンク
尾形 憲一,おがた けんいち,ogata_kenichi@example.com,男,78,1941/5/23,既婚,O型,宮城県,063- 11-2081,080- 136- 816,ドコモ
早坂 淳,はやさか あつし,hayasaka_atsushi@example.com,男,54,1965/3/24,既婚,A型,東京都,0 1- 17- 895,090- 241-2367,ドコモ
皆川 綾女,みなかわ あやめ,minakawa_ayame@example.com,女,32,1987/7/16,未婚,O型,大阪府,056-741- 862,080-1579- 763,ドコモ
阿部 大,あべ まさる,abe_masaru@example.com,男,62,1957/3/15,既婚,B型,京都府,084-720-3382,090-4807-1020,ドコモ
倉持 隆博,くらもち たかひろ,kuramochi_takahiro@example.com,男,31,1988/9/23,未婚,A型,東京都,056-778-3589,090-4419-9232,ドコモ
小泉 法子,こいずみ のりこ,koizumi_noriko@example.com,女,37,1982/7/16,既婚,O型,群馬県,087-549-8357,090-4058-8582,ドコモ
須藤 ヒロ,すどう ひろ,sudou_hiro@example.com,男,52,1967/1/17,既婚,B型,鳥取県,083-810-2460,090- 343-4409,au
市原 璃奈子,いちはら りなこ,ichihara_rinako@example.com,女,38,1981/2/27,既婚,B型,福岡県,055-174-2334,090- 649-1436,au
富永 惇,とみなが あつし,tominaga_atsushi@example.com,男,44,1975/4/29,既婚,O型,神奈川県,067-220- 988,090-6406-6082,au
唐沢 優,からさわ ゆう,karasawa_yuu@example.com,女,56,1963/3/19,既婚,O型,埼玉県,088-638-7976,080-1494-2889,au
那須 大五郎,なす だいごろう,nasu_daigorou@example.com,男,73,1946/9/9,既婚,B型,福井県,026-240-4963,080-5937-6250,au
藤原 あさみ,ふじわら あさみ,fujiwara_asami@example.com,女,25,1994/3/29,既婚,O型,秋田県,041-340-8726,080-4505-2459,ドコモ
加納 景子,かのう けいこ,kanou_keiko@example.com,女,48,1971/2/24,既婚,O型,熊本県,059-169-8699,090-3544-8161,ドコモ
中根 樹里,なかね じゅり,nakane_juri@example.com,女,70,1949/7/26,既婚,O型,三重県,0 3-652- 196,080-6795- 405,au
堀田 ひとり,ほった ひとり,hotta_hitori@example.com,男,71,1947/12/22,既婚,O型,神奈川県,021-465-2090,080-1410-2999,ソフトバンク
柴咲 莉央,しばさき りお,shibasaki_rio@example.com,女,81,1938/6/24,既婚,A型,大阪府,078- 66-8227,080-8565-1337,ツーカー
小杉 友以乃,こすぎ ゆいの,kosugi_yuino@example.com,女,51,1968/5/5,既婚,B型,静岡県,0 6-590-3121,080-9434-2756,ドコモ
戸田 真帆,とだ まほ,toda_maho@example.com,女,24,1995/1/7,既婚,O型,宮城県,087-716-5957,090- 501-3668,ドコモ
小島 ひろみ,こじま ひろみ,kojima_hiromi@example.com,女,28,1991/5/11,既婚,A型,東京都,016-130- 551,090-5226- 597,ソフトバンク
大林 陽介,おおばやし ようすけ,oobayashi_yousuke@example.com,男,86,1933/8/13,既婚,A型,兵庫県,0 3-239-5698,080-9530-1395,ソフトバンク
村木 剛基,むらき よしき,muraki_yoshiki@example.com,男,58,1961/2/17,既婚,B型,福岡県,083-445-5778,080-3027- 760,ドコモ
松原 正敏,まつばら まさとし,matsubara_masatoshi@example.com,男,53,1966/5/14,既婚,O型,兵庫県,079-691-7585,090-5798-5387,au
笹川 莉緒,ささがわ りお,sasagawa_rio@example.com,女,43,1976/4/18,既婚,A型,新潟県,028-571-9676,080-1589-8079,ソフトバンク
塚原 功補,つかはら こうすけ,tsukahara_kousuke@example.com,男,61,1958/1/29,既婚,AB型,宮城県,036-265-5260,080-4762-2164,au
石井 淳子,いしい あつこ,ishii_atsuko@example.com,女,62,1957/9/11,既婚,B型,大阪府,057-411-7481,080- 729-3628,ドコモ
上原 杏,うえはら あん,uehara_ann@example.com,女,44,1975/2/12,未婚,O型,富山県,031-354-6661,090-2769- 409,au
結城 まさみ,ゆうき まさみ,yuuki_masami@example.com,女,63,1956/11/22,既婚,A型,大阪府,039-720-  32,080-6839-1568,au
奥山 祐基,おくやま ゆうき,okuyama_yuuki@example.com,男,81,1938/12/1,既婚,O型,秋田県,030-756-9611,090-5041-2135,ドコモ
深井 春樹,ふかい はるき,fukai_haruki@example.com,女,72,1947/10/28,既婚,B型,山形県,0 9-343-3654,090- 836-8880,ドコモ
矢島 徹,やじま とおる,yajima_tooru@example.com,男,22,1997/4/30,未婚,O型,広島県,074-591-5430,090- 327-2374,ドコモ
相沢 獅童,あいざわ しどう,aizawa_shidou@example.com,男,57,1962/11/11,既婚,A型,千葉県,0 1-899-9751,080- 989-2008,ドコモ
島崎 寛,しまざき ひろし,shimazaki_hiroshi@example.com,男,75,1943/12/8,既婚,AB型,東京都,027-586-2065,080-  29-6930,ドコモ
難波 ヒロ,なんば ひろ,nannba_hiro@example.com,男,78,1940/12/15,既婚,A型,福岡県,071-381-5242,080-6464- 903,au
西沢 勇太,にしざわ ゆうた,nishizawa_yuuta@example.com,男,78,1940/12/26,既婚,A型,沖縄県,039-144-7821,090-4871-1827,ドコモ
滝 慢太郎,たき まんたろう,taki_mantarou@example.com,男,49,1970/5/4,既婚,O型,千葉県,078-413-8207,080-6453-1120,au
手島 まさし,てじま まさし,tejima_masashi@example.com,男,37,1982/11/28,既婚,A型,神奈川県,0 7-983-9653,090-1602-3537,ドコモ
金田 祐一,かねだ ゆういち,kaneda_yuuichi@example.com,男,72,1947/12/3,既婚,B型,東京都,042-767-2428,090-8598-2780,ドコモ
小日向 育子,こひなた いくこ,kohinata_ikuko@example.com,女,25,1993/12/10,未婚,O型,大分県,029-280-7252,080-2298-8943,ドコモ
楠本 晋也,くすもと しんや,kusumoto_shinya@example.com,男,23,1996/4/24,既婚,B型,福井県,098-839- 388,090-8192-9918,ドコモ
上野 弘也,うえの ひろなり,ueno_hironari@example.com,男,36,1983/9/29,既婚,B型,埼玉県,078-751-5086,080-2499-4971,ドコモ
大畑 哲平,おおはた てっぺい,oohata_teppei@example.com,男,29,1990/11/10,未婚,AB型,徳島県,016-669-8153,080-5562-9362,ソフトバンク
長岡 美佐子,ながおか みさこ,nagaoka_misako@example.com,女,31,1987/12/23,既婚,B型,岐阜県,093-927-4830,090-2118-4152,ソフトバンク
今井 高史,いまい たかし,imai_takashi@example.com,男,83,1936/1/15,既婚,A型,鹿児島県,0 3-853-3033,090-5941-9646,au
高原 直人,たかはら なおと,takahara_naoto@example.com,男,52,1967/7/7,既婚,AB型,東京都,080-540-2898,080-8639-7512,ソフトバンク
